R2_Gp,R2_Gpp,R2_total,R2_log_Gp,R2_log_Gpp,R2_log_total,RMSE_Gp,RMSE_Gpp,Reduced_chi2,AIC
0.9915740894835293,0.9759549998858051,0.9894625659845492,0.9950648871530665,0.992556267826441,0.994806021849049,175.55640409818454,124.07293689233504,0.008496746708805746,329.5326083760271
