mode,G_k,err_G_k,tau_k,err_tau_k
1,5878.902401889942,216.7959963133415,0.15812519321932372,0.011760654257184927
2,3027.411523204105,166.5936891760298,1.472377312245847,0.057763387196019894
