mode,G_k,err_G_k,tau_k,err_tau_k
1,6040.113334558142,271.31231062434244,0.023848960560855337,0.0018068579487872068
2,3319.297651938936,180.0191456119931,0.4641756216033504,0.01990632991429636
