R2_Gp,R2_Gpp,R2_total,R2_log_Gp,R2_log_Gpp,R2_log_total,RMSE_Gp,RMSE_Gpp,Reduced_chi2,AIC
0.9942684052137846,0.9546797427042047,0.9910954520727993,0.9967160549344211,0.9821509490802487,0.9949685575960896,180.81869687345662,163.25479589758692,0.005243559946014115,316.94055779132447
