mode,G_k,err_G_k,tau_k,err_tau_k
1,5604.39264884448,200.5651745162186,0.16643344557788792,0.011912163731565029
2,3159.7640001434415,153.74017672089167,1.7137519357757356,0.06358083657966627
