mode,G_k,err_G_k,tau_k,err_tau_k
1,8786.197510765032,383.952690321978,0.02170812396104302,0.0016319691239467127
2,5504.134770290958,262.4838608144901,0.4785192541979259,0.018521403177591385
