mode,G_k,err_G_k,tau_k,err_tau_k
1,5319.913189175553,193.46899524926133,0.1813990335552682,0.01293367501890467
2,3138.7790886867706,147.1252868775268,2.0653131817617036,0.07972927400498137
