mode,G_k,err_G_k,tau_k,err_tau_k
1,4935.686695276615,200.93737467838625,0.2089038284884367,0.015745161682246014
2,3065.540635955882,144.4855439375486,2.874870103540171,0.12788984642915094
