R2_Gp,R2_Gpp,R2_total,R2_log_Gp,R2_log_Gpp,R2_log_total,RMSE_Gp,RMSE_Gpp,Reduced_chi2,AIC
0.9949483073687378,0.969570352873291,0.9922980127847577,0.9968249224482265,0.9891296173854964,0.9958401945099515,171.96785027626981,152.5652443291664,0.005263956280990246,313.4614607733072
