mode,G_k,err_G_k,tau_k,err_tau_k
1,3173.6831691937405,156.08158676288045,0.016641619410021333,0.001462979889675703
2,1568.4187763496066,92.06835956161127,0.35114241467627727,0.016186297368770145
