R2_Gp,R2_Gpp,R2_total,R2_log_Gp,R2_log_Gpp,R2_log_total,RMSE_Gp,RMSE_Gpp,Reduced_chi2,AIC
0.9841788549400954,0.8392227863985575,0.9770508480363195,0.9951679457660192,0.9567961508818407,0.9900188975365029,598.4663370204747,529.9557203487492,0.025790997406043695,971.2647406550914
