R2_Gp,R2_Gpp,R2_total,R2_log_Gp,R2_log_Gpp,R2_log_total,RMSE_Gp,RMSE_Gpp,Reduced_chi2,AIC
0.9901021910363055,0.8420203578539269,0.9860799078775269,0.9938129379009902,0.9077675555160438,0.9869189051058852,219.33785049180946,183.21708970957434,0.007469628707533891,305.2868590445729
