R2_Gp,R2_Gpp,R2_total,R2_log_Gp,R2_log_Gpp,R2_log_total,RMSE_Gp,RMSE_Gpp,Reduced_chi2,AIC
0.9841292512792679,0.884846728440915,0.9802431024111232,0.9927139809700819,0.9520636448045339,0.9877230008308561,306.2099678946941,227.59097917571862,0.022672997685317105,791.6648101103357
