R2_Gp,R2_Gpp,R2_total,R2_log_Gp,R2_log_Gpp,R2_log_total,RMSE_Gp,RMSE_Gpp,Reduced_chi2,AIC
0.9907575240307633,0.9349537079206938,0.9884084315642911,0.9965238271952138,0.9632197726684405,0.9935822231141466,287.0396676429996,197.12046915146547,0.00493097424061862,492.5477206441564
