R2_Gp,R2_Gpp,R2_total,R2_log_Gp,R2_log_Gpp,R2_log_total,RMSE_Gp,RMSE_Gpp,Reduced_chi2,AIC
0.9910726103036236,0.9834807843047138,0.9899872486638484,0.9963613065084872,0.9951456870084783,0.9963013750993888,175.14655372128905,104.74392733694299,0.006655456116110263,326.20326325289216
