mode,G_k,err_G_k,tau_k,err_tau_k
1,6452.986380825731,192.56080376333327,0.15355730610552445,0.008074761754442666
2,3877.924225923747,166.99759087148632,1.3462794476679525,0.04469361801201663
