R2_Gp,R2_Gpp,R2_total,R2_log_Gp,R2_log_Gpp,R2_log_total,RMSE_Gp,RMSE_Gpp,Reduced_chi2,AIC
0.9911175854000922,0.8946651894309933,0.9876609212525542,0.9945902003029865,0.9426379875903275,0.9897874508223558,209.16752338378103,171.86277717429215,0.006598667701808945,323.27009505803795
