R2_Gp,R2_Gpp,R2_total,R2_log_Gp,R2_log_Gpp,R2_log_total,RMSE_Gp,RMSE_Gpp,Reduced_chi2,AIC
0.9826791740777278,0.8288723529463142,0.972497433392425,0.9919935324523054,0.9692118207241794,0.9884620576594768,214.60642767215933,202.58574248596346,0.03366267283462587,819.803835288561
