mode,G_k,err_G_k,tau_k,err_tau_k
1,5054.410750728338,210.57951318972823,0.021190917877812382,0.0016554056839216242
2,1843.1383807807497,148.67795593545577,0.1872839754339723,0.010094472518329728
