mode,G_k,err_G_k,tau_k,err_tau_k
1,10050.103945634206,439.28495491082003,0.025990381616267173,0.002109824641193222
2,6006.469882354252,309.45185547788947,0.4062518542370471,0.020483213133137047
