R2_Gp,R2_Gpp,R2_total,R2_log_Gp,R2_log_Gpp,R2_log_total,RMSE_Gp,RMSE_Gpp,Reduced_chi2,AIC
0.98803350513254,0.9268193090705645,0.984828031523673,0.994955350252445,0.9672887531813538,0.9917753297586912,382.42182065513487,271.8212107528029,0.007445132687222552,379.48291215416555
