mode,G_k,err_G_k,tau_k,err_tau_k
1,8417.555617246537,305.52871412018334,0.12949758441042614,0.008031497284380889
2,4596.229246491019,239.26350696120775,1.3098620800680645,0.048647877151996144
