R2_Gp,R2_Gpp,R2_total,R2_log_Gp,R2_log_Gpp,R2_log_total,RMSE_Gp,RMSE_Gpp,Reduced_chi2,AIC
0.9934485237523704,0.9758981174183222,0.9910930185181706,0.9971110857601799,0.9921345417953733,0.9964729184409972,193.91706823901447,152.6097027154963,0.005427669116850603,317.71206103937016
