mode,G_k,err_G_k,tau_k,err_tau_k
1,4519.984692846705,198.3960521612272,0.05223265464172033,0.0037001659713056046
2,2647.821423992569,143.7405487487914,0.8181185405957212,0.03497595779776287
