R2_Gp,R2_Gpp,R2_total,R2_log_Gp,R2_log_Gpp,R2_log_total,RMSE_Gp,RMSE_Gpp,Reduced_chi2,AIC
0.990701570772761,0.9409401893145417,0.987297622635682,0.9960953193451914,0.9778938124179269,0.9939337301771987,396.0088136877581,311.96413301630355,0.010306579022972415,666.1406438863103
