mode,G_k,err_G_k,tau_k,err_tau_k
1,8164.816912901794,306.7258629378592,0.02269413863795747,0.0016098063535066034
2,4548.95748642691,216.39113028139116,0.2952512211066549,0.011833295963203407
