R2_Gp,R2_Gpp,R2_total,R2_log_Gp,R2_log_Gpp,R2_log_total,RMSE_Gp,RMSE_Gpp,Reduced_chi2,AIC
0.9926505592848835,0.9285196381902829,0.9890263228972139,0.9960175277453636,0.9673324166987575,0.9929077814979163,199.08533735305912,173.61951799511732,0.00592055614860225,321.7981108086954
