R2_Gp,R2_Gpp,R2_total,R2_log_Gp,R2_log_Gpp,R2_log_total,RMSE_Gp,RMSE_Gpp,Reduced_chi2,AIC
0.9890099708929173,0.8588159826849958,0.982213926528379,0.9934021847060831,0.9622969871855148,0.9890378690168428,341.86942512501304,337.53029615231145,0.02816523917929389,893.8685946492211
