mode,G_k,err_G_k,tau_k,err_tau_k
1,5032.38910712624,184.99752263418418,0.19501601284338668,0.013764488253419922
2,3103.6537611314775,138.54545573823472,2.512064300817812,0.10142924733925761
