mode,G_k,err_G_k,tau_k,err_tau_k
1,4921.985728443313,192.65176607039197,0.019737384809535734,0.0014738796051170797
2,1925.8426053365054,142.96519273387895,0.16358078166024997,0.007804723393912625
