mode,G_k,err_G_k,tau_k,err_tau_k
1,6115.086520558271,237.22331239989765,0.15038804183551238,0.011923873995642235
2,2889.5558868735516,185.2603839315892,1.259968339877389,0.05374479602440346
