R2_Gp,R2_Gpp,R2_total,R2_log_Gp,R2_log_Gpp,R2_log_total,RMSE_Gp,RMSE_Gpp,Reduced_chi2,AIC
0.986141832667866,0.8166889735903613,0.9812746158709545,0.9893090704451001,0.8949959377845315,0.9805519229928029,520.0122228302326,427.50976570923024,0.011380010343389705,402.5885300419507
